name,website,stage,focus_areas,location,check_size
Sequoia Capital,https://www.sequoiacap.com,Seed Series A Series B,"AI Enterprise SaaS Consumer",San Francisco CA,
Andreessen Horowitz,https://a16z.com,Seed Series A Series B,"AI Crypto Enterprise Consumer Bio",Menlo Park CA,
Accel,https://www.accel.com,Seed Series A Series B,"SaaS Enterprise Security Fintech",Palo Alto CA,
Benchmark,https://www.benchmark.com,Seed Series A,"Consumer SaaS Marketplace",San Francisco CA,
Kleiner Perkins,https://www.kleinerperkins.com,Seed Series A Series B,"Enterprise Consumer Healthtech Fintech",Menlo Park CA,
Greylock Partners,https://greylock.com,Seed Series A Series B,"Enterprise AI Consumer",San Francisco CA,
Lightspeed Venture Partners,https://lsvp.com,Seed Series A Series B,"Enterprise Consumer Fintech Healthtech",Menlo Park CA,
Index Ventures,https://www.indexventures.com,Seed Series A Series B,"SaaS Fintech Gaming",San Francisco CA,
General Catalyst,https://www.generalcatalyst.com,Seed Series A Series B,"Enterprise AI Healthtech Fintech",Cambridge MA,
Bessemer Venture Partners,https://www.bvp.com,Seed Series A Series B,"Cloud SaaS Consumer Healthtech",San Francisco CA,
Founders Fund,https://foundersfund.com,Seed Series A Series B,"Deep Tech AI Defense Space",San Francisco CA,
Insight Partners,https://www.insightpartners.com,Series A Series B Growth,"Enterprise SaaS Data",New York NY,
NEA,https://www.nea.com,Seed Series A Series B,"Enterprise Healthtech Consumer",Menlo Park CA,
Battery Ventures,https://www.battery.com,Seed Series A Series B Growth,"Enterprise SaaS Infrastructure",Boston MA,
IVP,https://www.ivp.com,Series A Series B Growth,"Enterprise Consumer Fintech",Menlo Park CA,
Khosla Ventures,https://www.khoslaventures.com,Seed Series A,"AI Climate Deep Tech Healthtech",Menlo Park CA,
Spark Capital,https://www.sparkcapital.com,Seed Series A,"Consumer SaaS Fintech",San Francisco CA,
Union Square Ventures,https://www.usv.com,Seed Series A,"Crypto Web3 Climate Marketplace",New York NY,
First Round Capital,https://firstround.com,Pre-Seed Seed,"Enterprise Consumer SaaS",San Francisco CA,
Craft Ventures,https://www.craftventures.com,Seed Series A,"SaaS Fintech Defense",San Francisco CA,
Ribbit Capital,https://www.ribbitcap.com,Seed Series A Series B,"Fintech Insurance Crypto",Palo Alto CA,
Lux Capital,https://www.luxcapital.com,Seed Series A Series B,"Deep Tech Climate Defense Bio",New York NY,
Coatue Management,https://www.coatue.com,Series A Series B Growth,"Enterprise AI Consumer",New York NY,
GGV Capital,https://www.ggvc.com,Seed Series A Series B,"Enterprise Consumer SaaS",Menlo Park CA,
Redpoint Ventures,https://www.redpoint.com,Seed Series A Series B,"Enterprise Infrastructure Consumer",San Francisco CA,
Matrix Partners,https://www.matrixpartners.com,Seed Series A,"SaaS Enterprise Consumer",San Francisco CA,
Norwest Venture Partners,https://www.nvp.com,Seed Series A Series B Growth,"Enterprise SaaS Healthtech",Palo Alto CA,
Sapphire Ventures,https://sapphireventures.com,Series A Series B Growth,"Enterprise SaaS Data",Palo Alto CA,
Menlo Ventures,https://www.menlovc.com,Seed Series A Series B,"AI Enterprise Cyber",Menlo Park CA,
8VC,https://8vc.com,Seed Series A,"Defense Logistics Real Estate",San Francisco CA,
a]ventures,https://www.aventures.vc,Pre-Seed Seed,"Deep Tech Climate",San Francisco CA,
Abstract Ventures,https://www.abstractvc.com,Pre-Seed Seed,"Consumer Enterprise",San Francisco CA,
Acrew Capital,https://www.acrewcapital.com,Seed Series A,"Enterprise Fintech Healthtech",Palo Alto CA,
Afore Capital,https://afore.vc,Pre-Seed,"SaaS Developer Tools",San Francisco CA,
Alchemy Ventures,https://www.alchemyventures.com,Pre-Seed Seed,"AI SaaS Consumer",San Francisco CA,
Altos Ventures,https://www.altosventures.com,Seed Series A,"Enterprise Consumer SaaS",Menlo Park CA,
Amplify Partners,https://amplifypartners.com,Seed Series A,"Infrastructure Developer Tools AI",San Francisco CA,
Andreessen Horowitz Bio,https://a16z.com/bio-health,Seed Series A Series B,"Bio Health Genomics",Menlo Park CA,
Anthos Capital,https://www.anthoscapital.com,Series A Series B,"Consumer DTC E-commerce",Santa Monica CA,
Aspect Ventures,https://www.aspectventures.com,Seed Series A,"SaaS Enterprise",San Francisco CA,
Atomic,https://www.atomic.vc,Pre-Seed Seed,"Consumer SaaS",San Francisco CA,
Bain Capital Ventures,https://www.baincapitalventures.com,Seed Series A Series B,"SaaS Fintech Healthtech Infrastructure",San Francisco CA,
Balderton Capital,https://www.balderton.com,Seed Series A Series B,"Enterprise Consumer Fintech",London UK,
Base10 Partners,https://base10.vc,Seed Series A,"Enterprise Automation AI",San Francisco CA,
Basis Set Ventures,https://www.basisset.com,Seed Series A,"AI Enterprise Automation",San Francisco CA,
Bedrock Capital,https://www.bedrockcap.com,Seed Series A,"Consumer Enterprise",San Francisco CA,
Blossom Capital,https://www.blossomcap.com,Seed Series A,"SaaS Enterprise Fintech",London UK,
Boldstart Ventures,https://boldstart.vc,Pre-Seed Seed,"Enterprise Developer Tools",New York NY,
Bond,https://www.bondcap.com,Series A Series B Growth,"Consumer Enterprise",San Francisco CA,
Bow Capital,https://www.bowcapital.com,Seed Series A,"AI Data Enterprise",Palo Alto CA,
Bowery Capital,https://bowerycap.com,Seed,"Enterprise SaaS B2B",New York NY,
BoxGroup,https://www.boxgroup.com,Pre-Seed Seed,"Consumer SaaS Crypto",New York NY,
Breakdown Capital,https://www.breakdown.vc,Seed,"SaaS Enterprise",San Francisco CA,
Breyer Capital,https://breyercapital.com,Seed Series A Series B,"AI Enterprise Consumer",Menlo Park CA,
Brooklyn Bridge Ventures,https://www.brooklynbridge.vc,Pre-Seed Seed,"Consumer SaaS",New York NY,
Bullpen Capital,https://bullpencap.com,Seed Series A,"Marketplace Consumer SaaS",Menlo Park CA,
Canaan Partners,https://www.canaan.com,Seed Series A Series B,"Enterprise Fintech Healthtech",Menlo Park CA,
Capricorn Investment Group,https://www.capricorninvestment.com,Series A Series B,"Climate Sustainability Deep Tech",Palo Alto CA,
Cathay Innovation,https://cathayinnovation.com,Series A Series B,"Enterprise Logistics Consumer",San Francisco CA,
CRV,https://www.crv.com,Seed Series A,"Enterprise Consumer Infrastructure",San Francisco CA,
Cross Culture Ventures,https://www.crossculture.vc,Pre-Seed Seed,"Consumer Culture",San Francisco CA,
Crosslink Capital,https://www.crosslinkcapital.com,Seed Series A,"Enterprise SaaS Fintech",San Francisco CA,
Data Collective,https://www.dcvc.com,Seed Series A Series B,"Deep Tech AI Climate",San Francisco CA,
Decibel Partners,https://www.decibel.vc,Seed,"Enterprise Developer Tools Security",San Francisco CA,
Defy Partners,https://defy.vc,Seed Series A,"Enterprise Consumer SaaS",San Francisco CA,
Draper Associates,https://www.draper.vc,Seed Series A,"Enterprise Consumer Deep Tech",San Mateo CA,
Drive Capital,https://www.drivecapital.com,Seed Series A Series B,"Enterprise SaaS Fintech",Columbus OH,
Earlybird Venture Capital,https://earlybird.com,Seed Series A Series B,"Enterprise Healthtech Fintech",Berlin Germany,
EQT Ventures,https://eqtventures.com,Seed Series A Series B,"Enterprise Consumer Deep Tech",Stockholm Sweden,
Emergence Capital,https://www.emcap.com,Series A Series B,"Enterprise SaaS",San Mateo CA,
Eniac Ventures,https://eniac.vc,Pre-Seed Seed,"Mobile Consumer SaaS",New York NY,
Entrepreneurial Development Corporation,https://www.theedco.com,Seed,"Enterprise Consumer",San Francisco CA,
Equal Ventures,https://www.equal.vc,Pre-Seed Seed,"Fintech Supply Chain Infrastructure",New York NY,
Euclidean Capital,https://www.euclideancapital.com,Series A Series B,"Consumer Enterprise",New York NY,
Felicis Ventures,https://www.felicis.com,Seed Series A,"Consumer Enterprise SaaS",Menlo Park CA,
Fifth Wall,https://fifthwall.com,Seed Series A Series B,"PropTech Real Estate Climate",Los Angeles CA,
Fifty Years,https://www.fifty.vc,Seed,"Deep Tech Climate Health",San Francisco CA,
Fika Ventures,https://www.fikaventures.com,Seed Series A,"Enterprise Consumer SaaS",Los Angeles CA,
Fin Capital,https://fin.capital,Seed Series A,"Fintech Insurance",San Francisco CA,
Firstmark Capital,https://firstmarkcap.com,Seed Series A Series B,"Enterprise Consumer Data",New York NY,
Floodgate,https://www.floodgate.com,Pre-Seed Seed,"Consumer Enterprise",Menlo Park CA,
Flybridge Capital Partners,https://www.flybridge.com,Seed Series A,"Enterprise Consumer SaaS",Boston MA,
Forerunner Ventures,https://www.forerunnerventures.com,Seed Series A,"Consumer DTC E-commerce",San Francisco CA,
Foundry Group,https://www.foundrygroup.com,Seed Series A,"Enterprise SaaS",Boulder CO,
FPV Ventures,https://www.fpvventures.com,Pre-Seed Seed,"Enterprise Fintech Healthtech",San Francisco CA,
Freestyle Capital,https://freestyle.vc,Pre-Seed Seed,"Consumer SaaS",San Francisco CA,
Global Founders Capital,https://www.globalfounderscapital.com,Seed Series A,"Consumer Enterprise",Berlin Germany,
Goodwater Capital,https://www.goodwatercap.com,Seed Series A,"Consumer Mobile",San Mateo CA,
Gradient Ventures,https://www.gradient.com,Seed Series A,"AI ML",San Francisco CA,
Greycroft,https://www.greycroft.com,Seed Series A Series B,"Consumer Enterprise Media",New York NY,
Grid Partners,https://www.gridpartners.com,Pre-Seed Seed,"Enterprise Consumer",San Francisco CA,
Grotech Ventures,https://grotech.com,Seed Series A,"Enterprise SaaS Healthtech",Baltimore MD,
GSR Ventures,https://www.gsrventures.com,Seed Series A,"Enterprise AI Consumer",Menlo Park CA,
ハック VC,https://www.hack.vc,Seed Series A,"Crypto AI Infrastructure",San Francisco CA,
Harlem Capital,https://harlem.capital,Pre-Seed Seed,"Consumer Enterprise Fintech",New York NY,
Haystack,https://haystack.vc,Pre-Seed Seed,"SaaS Consumer",San Francisco CA,
Headline,https://headline.com,Seed Series A Series B,"Enterprise Consumer SaaS",San Francisco CA,
Homebrew,https://homebrew.co,Seed,"Enterprise SaaS Consumer",San Francisco CA,
Hustle Fund,https://www.hustlefund.vc,Pre-Seed Seed,"Consumer SaaS Enterprise",San Francisco CA,$25k-$300k
Hyde Park Venture Partners,https://www.hydeparkvp.com,Seed Series A,"Enterprise SaaS B2B",Chicago IL,
Indicator Ventures,https://www.indicator.vc,Pre-Seed Seed,"Enterprise SaaS",San Francisco CA,
Initialized Capital,https://initialized.com,Pre-Seed Seed,"Enterprise Consumer",San Francisco CA,
Innovation Endeavors,https://www.innovationendeavors.com,Seed Series A,"AI Deep Tech Enterprise",Palo Alto CA,
Inspired Capital,https://www.inspiredcapital.com,Seed Series A,"Enterprise Consumer Fintech",New York NY,
Interplay,https://www.interplay.vc,Seed,"SaaS Enterprise",New York NY,
Javelin Venture Partners,https://javelinvp.com,Seed Series A,"Enterprise SaaS Fintech",San Francisco CA,
K9 Ventures,https://www.k9ventures.com,Pre-Seed Seed,"Data AI Developer Tools",Palo Alto CA,
Kindred Ventures,https://www.kindredvc.com,Pre-Seed Seed,"Consumer Crypto",San Francisco CA,
Lachy Groom,https://www.lachygroom.com,Seed Series A,"Fintech Enterprise",San Francisco CA,
Lead Edge Capital,https://www.leadedgecapital.com,Series A Series B Growth,"Enterprise SaaS",New York NY,
Left Lane Capital,https://www.leftlane.com,Series A Series B,"Consumer DTC",New York NY,
Lightspeed Scout,https://lsvp.com/scout,Pre-Seed Seed,"Enterprise Consumer",Menlo Park CA,
Local Globe,https://www.localglobe.vc,Pre-Seed Seed,"Enterprise Consumer Fintech",London UK,
Lowercase Capital,https://lowercasecapital.com,Seed,"Consumer SaaS",San Francisco CA,
M13,https://m13.co,Seed Series A,"Consumer DTC Fintech",Los Angeles CA,
MaC Venture Capital,https://www.macventurecapital.com,Pre-Seed Seed,"Enterprise Consumer",Los Angeles CA,
Madrona Venture Group,https://www.madrona.com,Seed Series A Series B,"Enterprise AI Cloud",Seattle WA,
Maverick Ventures,https://www.maverickventures.com,Seed Series A,"Enterprise Consumer",San Francisco CA,
Maveron,https://www.maveron.com,Seed Series A,"Consumer DTC",Seattle WA,
Meritech Capital,https://www.meritechcapital.com,Series B Growth,"Enterprise SaaS",Palo Alto CA,
Moxxie Ventures,https://www.moxxie.vc,Pre-Seed Seed,"Enterprise Consumer",San Francisco CA,
Mucker Capital,https://www.muckercapital.com,Pre-Seed Seed,"Enterprise Consumer SaaS",Santa Monica CA,
Munich Re Ventures,https://www.munichre.com/ventures,Series A Series B,"Insurance Fintech Climate",Munich Germany,
Notation Capital,https://notation.vc,Pre-Seed Seed,"Enterprise Developer Tools",New York NY,
NfX,https://www.nfx.com,Pre-Seed Seed,"Marketplace Network Effects",San Francisco CA,
Obvious Ventures,https://obvious.com,Seed Series A,"Climate Healthtech Sustainability",San Francisco CA,
Operator Partners,https://www.operatorpartners.com,Seed,"SaaS Enterprise",New York NY,
Origin Ventures,https://originventures.com,Seed Series A,"Enterprise SaaS",Chicago IL,
Owl Ventures,https://www.owlvc.com,Seed Series A Series B,"EdTech",Menlo Park CA,
Pear VC,https://www.pear.vc,Pre-Seed Seed,"Enterprise Consumer SaaS",Palo Alto CA,
Point72 Ventures,https://www.point72.com/ventures,Seed Series A Series B,"AI Fintech Data",New York NY,
Polaris Partners,https://www.polarispartners.com,Seed Series A Series B,"Enterprise Healthtech",Boston MA,
Precursor Ventures,https://precursorvc.com,Pre-Seed,"Enterprise Consumer",San Francisco CA,
Primary Venture Partners,https://www.primaryvc.com,Seed Series A,"Enterprise Consumer Fintech",New York NY,
Quiet Capital,https://www.quiet.com,Seed Series A,"Consumer SaaS Enterprise",Los Angeles CA,
Radical Ventures,https://www.radical.vc,Seed Series A,"AI Deep Tech",Toronto Canada,
Rainfall Ventures,https://www.rainfall.vc,Pre-Seed Seed,"Enterprise SaaS",San Francisco CA,
RRE Ventures,https://rre.com,Seed Series A,"Enterprise Fintech Healthtech",New York NY,
Runa Capital,https://runacap.com,Seed Series A,"Developer Tools Infrastructure Open Source",Luxembourg,
S28 Capital,https://www.s28capital.com,Pre-Seed Seed,"Enterprise Consumer",San Francisco CA,
Scale Venture Partners,https://www.scalevp.com,Series A Series B,"Enterprise SaaS",Foster City CA,
Scout Ventures,https://www.scoutventures.com,Seed,"Enterprise Consumer",New York NY,
Shasta Ventures,https://www.shastaventures.com,Seed Series A,"Enterprise Consumer SaaS",Menlo Park CA,
SignalFire,https://www.signalfire.com,Seed Series A,"AI Enterprise Developer Tools",San Francisco CA,
Slow Ventures,https://slow.co,Seed,"Consumer Crypto Media",San Francisco CA,
Social Leverage,https://www.socialleverage.com,Pre-Seed Seed,"Fintech SaaS",San Francisco CA,
Soma Capital,https://www.somacap.com,Pre-Seed Seed,"AI SaaS Consumer",San Francisco CA,
South Park Commons,https://www.southparkcommons.com,Pre-Seed,"AI Deep Tech",San Francisco CA,
Spectrum Equity,https://www.spectrumequity.com,Growth,"Enterprise SaaS Data",Boston MA,
Susa Ventures,https://www.susaventures.com,Pre-Seed Seed,"Enterprise Data AI",San Francisco CA,
SVB Capital,https://www.svb.com/svb-capital,Series A Series B Growth,"Enterprise SaaS Healthtech",Menlo Park CA,
Tao Capital Partners,https://www.taocap.com,Seed Series A,"Consumer Enterprise",San Francisco CA,
Tekton Ventures,https://tektonventures.com,Seed,"Enterprise SaaS",San Francisco CA,
Tensor Ventures,https://tensor.vc,Pre-Seed Seed,"AI ML Deep Tech",San Francisco CA,
The Chainsmoker's Mantis VC,https://mantis.vc,Seed,"Consumer Entertainment",Los Angeles CA,
Third Kind Venture Capital,https://www.thirdkindvc.com,Seed,"Enterprise Consumer",San Francisco CA,
Threshold Ventures,https://threshold.vc,Seed Series A,"Enterprise SaaS Consumer",Menlo Park CA,
Tiger Global Management,https://www.tigerglobal.com,Series A Series B Growth,"Enterprise Consumer SaaS",New York NY,
Tribe Capital,https://tribecap.co,Seed Series A Series B,"Enterprise SaaS Fintech",San Francisco CA,
Trinity Ventures,https://www.trinityventures.com,Seed Series A,"Enterprise SaaS Consumer",Menlo Park CA,
True Ventures,https://trueventures.com,Seed Series A,"Enterprise Consumer Deep Tech",San Francisco CA,
Uncork Capital,https://uncorkcapital.com,Seed,"Enterprise SaaS",San Francisco CA,
Upfront Ventures,https://upfront.com,Seed Series A Series B,"Enterprise Consumer SaaS",Los Angeles CA,
Valor Equity Partners,https://www.valorep.com,Series A Series B Growth,"Hardware Climate Deep Tech",San Francisco CA,
Venrock,https://www.venrock.com,Seed Series A Series B,"Enterprise Healthtech Consumer",Palo Alto CA,
Vertex Ventures,https://www.vertexventures.com,Seed Series A,"Enterprise Consumer",Menlo Park CA,
Vintage Investment Partners,https://www.vintage-ip.com,Fund of Funds,"Enterprise Consumer",Herzliya Israel,
Volition Capital,https://www.volitioncapital.com,Series A Series B Growth,"Enterprise SaaS Consumer",Boston MA,
Voyager Capital,https://www.voyagercapital.com,Seed Series A,"Enterprise SaaS",Seattle WA,
Waive,https://www.waive.com,Seed,"Consumer SaaS",San Francisco CA,
Webb Investment Network,https://www.webbinvestmentnetwork.com,Seed,"Enterprise Consumer",Palo Alto CA,
Wing Venture Capital,https://www.wing.vc,Seed Series A,"Enterprise SaaS Infrastructure",Palo Alto CA,
Wonder Ventures,https://www.wondervc.com,Pre-Seed Seed,"Consumer",Los Angeles CA,
Work-Bench,https://www.work-bench.com,Seed Series A,"Enterprise SaaS",New York NY,
XYZ Venture Capital,https://www.xyz.vc,Seed Series A,"Enterprise Consumer SaaS",San Francisco CA,
Y Combinator Continuity,https://www.ycombinator.com,Pre-Seed Seed Series A,"Enterprise Consumer SaaS AI",San Francisco CA,
Zing Capital,https://www.zingcap.com,Pre-Seed Seed,"Consumer Enterprise",San Francisco CA,
01 Advisors,https://www.01advisors.com,Seed Series A,"Consumer Enterprise",San Francisco CA,
2048 Ventures,https://www.2048.vc,Pre-Seed,"AI Enterprise",New York NY,
25madison,https://www.25madison.com,Pre-Seed Seed,"Consumer Enterprise Fintech",New York NY,
500 Global,https://500.co,Pre-Seed Seed,"Enterprise Consumer SaaS",San Francisco CA,$50k-$150k
645 Ventures,https://645ventures.com,Seed Series A,"Enterprise SaaS AI",New York NY,
7percent Ventures,https://www.7percent.vc,Pre-Seed Seed,"Consumer Enterprise",San Francisco CA,
Abstract VC,https://www.abstract.vc,Pre-Seed Seed,"AI Deep Tech",San Francisco CA,
Acequia Capital,https://acequia.vc,Seed Series A,"Enterprise SaaS",San Francisco CA,
Active Capital,https://www.activecapital.com,Pre-Seed Seed,"Enterprise Consumer",San Francisco CA,
Adjacent,https://www.adjacent.vc,Seed,"AI Deep Tech",San Francisco CA,
Aera VC,https://www.aera.vc,Seed,"AI Enterprise",San Francisco CA,
Album VC,https://www.albumvc.com,Pre-Seed Seed,"Enterprise Consumer",San Francisco CA,
Allegion Ventures,https://www.allegionventures.com,Seed Series A,"Security IoT",Indianapolis IN,
Alpha Edison,https://www.alphaedison.com,Pre-Seed Seed,"Consumer Enterprise AI",Los Angeles CA,
Amplify LA,https://www.amplify.la,Pre-Seed Seed,"Consumer Enterprise",Los Angeles CA,
Anomalous Ventures,https://anomalous.vc,Seed,"Enterprise Consumer",San Francisco CA,
Anthemis,https://www.anthemis.com,Seed Series A Series B,"Fintech Insurance",New York NY,
Antler,https://www.antler.co,Pre-Seed Seed,"Enterprise Consumer AI",Singapore,
Array Ventures,https://www.arrayventures.com,Seed Series A,"Enterprise SaaS Consumer",San Francisco CA,
Asymmetric Capital Partners,https://www.asymmetric.vc,Seed,"Enterprise Consumer",San Francisco CA,
B Capital Group,https://www.bcapgroup.com,Series A Series B,"Enterprise AI Healthtech",Los Angeles CA,
Background Capital,https://www.background.capital,Pre-Seed Seed,"SaaS Developer Tools",San Francisco CA,
Bamboo Capital,https://www.bamboo.vc,Seed,"Enterprise Consumer",San Francisco CA,
Baseline Ventures,https://www.baselinev.com,Seed,"Consumer SaaS",San Francisco CA,
Batshit Capital,https://www.batshit.capital,Pre-Seed Seed,"Consumer Deep Tech",San Francisco CA,
Bee Partners,https://www.beepartners.vc,Pre-Seed Seed,"AI Enterprise SaaS",San Francisco CA,
Betaworks,https://www.betaworks.com,Pre-Seed Seed,"AI Consumer Media",New York NY,
Blisce,https://blisce.com,Series A Series B Growth,"Consumer DTC",New York NY,
Blockchain Capital,https://www.blockchaincapital.com,Seed Series A,"Crypto Web3 DeFi",San Francisco CA,
Bloomberg Beta,https://www.bloombergbeta.com,Pre-Seed Seed,"AI Enterprise Future of Work",San Francisco CA,
Blue Bear Capital,https://www.bluebearcap.com,Seed,"Enterprise Climate",San Francisco CA,
Borderless Capital,https://www.borderlesscapital.io,Seed,"Crypto Web3 DeFi",Miami FL,
Brand Foundry Ventures,https://brandfoundry.vc,Seed,"Consumer DTC",New York NY,
Breakout Ventures,https://www.breakout.vc,Pre-Seed Seed,"Deep Tech AI",San Francisco CA,
Bridge Partners,https://www.bridgepartners.vc,Seed,"Enterprise Consumer",San Francisco CA,
Brighter Capital,https://www.brightercapital.com,Pre-Seed Seed,"Consumer Enterprise",New York NY,
Buckley Ventures,https://www.buckleyventures.com,Seed,"Enterprise SaaS",San Francisco CA,
Builders VC,https://builders.vc,Pre-Seed Seed,"Deep Tech Hardware",San Francisco CA,
CAA Ventures,https://www.caaventures.com,Seed Series A,"Consumer Media Entertainment",Los Angeles CA,
Cantos,https://cantos.vc,Seed Series A,"Climate Deep Tech",San Francisco CA,
Capitol Meridian Partners,https://www.capitolmeridian.com,Seed,"Defense Deep Tech",Washington DC,
Cascade Seed Fund,https://www.cascadeseed.com,Pre-Seed Seed,"Enterprise Consumer",San Francisco CA,
Castle Island Ventures,https://www.castleisland.vc,Seed Series A,"Crypto Bitcoin",Cambridge MA,
Chapter One,https://www.chapterone.com,Pre-Seed Seed,"Crypto Web3 Consumer",San Francisco CA,
Charge Ventures,https://www.charge.vc,Pre-Seed Seed,"Enterprise Consumer",New York NY,
Cherry Ventures,https://cherry.vc,Pre-Seed Seed Series A,"Consumer Enterprise SaaS",Berlin Germany,
Cherubic Ventures,https://cherubic.com,Seed Series A,"Consumer Enterprise AI",San Francisco CA,
Cleo Capital,https://www.cleocapital.com,Pre-Seed Seed,"Consumer Enterprise AI",San Francisco CA,
Coalition Operators,https://www.coalition-operators.com,Pre-Seed Seed,"Enterprise SaaS",New York NY,
Coefficient Capital,https://www.coefficient.vc,Seed Series A,"Consumer CPG DTC",New York NY,
Collab Fund,https://www.collabfund.com,Seed Series A,"Climate Consumer Sustainability",New York NY,
Collaborative Fund,https://www.collaborativefund.com,Seed,"Consumer Climate",New York NY,
Compound,https://www.compound.vc,Seed,"Enterprise Consumer",San Francisco CA,
Contrary,https://www.contrary.com,Pre-Seed Seed,"Enterprise Consumer AI Deep Tech",San Francisco CA,
Conviction,https://www.conviction.com,Seed Series A,"AI Deep Tech",San Francisco CA,
Correlation Ventures,https://correlationvc.com,Seed Series A,"Enterprise Consumer SaaS",San Diego CA,
Costanoa Ventures,https://www.costanoa.vc,Seed Series A,"Enterprise SaaS Data Security",Palo Alto CA,
CounterView Capital,https://www.counterviewcap.com,Seed,"Enterprise Consumer",San Francisco CA,
Crane Venture Partners,https://crane.vc,Seed Series A,"Enterprise SaaS Developer Tools",London UK,
Creator Ventures,https://www.creator.ventures,Seed,"Consumer AI",San Francisco CA,
Crossbeam Venture Partners,https://www.crossbeamvp.com,Seed Series A,"Enterprise SaaS",Philadelphia PA,
Crosscut Ventures,https://www.crosscut.vc,Pre-Seed Seed,"Consumer Enterprise SaaS",Santa Monica CA,
Cultivation Capital,https://cultivationcapital.com,Seed Series A,"Enterprise SaaS Healthtech",St Louis MO,
Day One Ventures,https://www.dayoneventures.com,Pre-Seed Seed,"Consumer Enterprise AI",San Francisco CA,
Decisive Point,https://www.decisivepoint.vc,Seed,"Defense National Security",Washington DC,
Definition Capital,https://www.definitioncapital.com,Seed,"Enterprise Consumer",San Francisco CA,
Differential Ventures,https://www.differential.vc,Pre-Seed Seed,"AI ML Data",San Francisco CA,
Dig Ventures,https://www.dig.ventures,Seed,"Enterprise Consumer",San Francisco CA,
Dream Machine,https://www.dreammachine.vc,Pre-Seed Seed,"Consumer Entertainment",Los Angeles CA,
Dundee Venture Capital,https://dundeevc.com,Seed Series A,"Enterprise SaaS B2B",Minneapolis MN,
E14 Fund,https://www.e14.vc,Pre-Seed Seed,"Deep Tech Hardware",Boston MA,
EchoVC Partners,https://www.echovc.com,Seed,"Enterprise Consumer Fintech",San Francisco CA,
Elad Gil,https://www.eladgil.com,Seed,"Consumer Enterprise AI",San Francisco CA,
Electric Capital,https://www.electriccapital.com,Seed Series A,"Crypto Web3",San Francisco CA,
Eleven Two Capital,https://www.eleventwo.vc,Seed,"Consumer Enterprise",San Francisco CA,
Ember Infrastructure,https://emberinfra.com,Seed Series A,"Climate Infrastructure",San Francisco CA,
Energize Capital,https://www.energizecap.com,Series A Series B,"Climate Energy",Chicago IL,
Enigma Ventures,https://www.enigma.vc,Seed,"Enterprise Consumer",San Francisco CA,
Epic Ventures,https://www.epicvc.com,Seed Series A,"Enterprise SaaS",Salt Lake City UT,
Everywhere Ventures,https://www.everywhere.vc,Pre-Seed Seed,"Consumer Enterprise",New York NY,
F-Prime Capital,https://fprimecapital.com,Seed Series A Series B,"Enterprise Healthtech Fintech",Cambridge MA,
Fathom Capital,https://www.fathomcapital.com,Pre-Seed Seed,"Enterprise Consumer",San Francisco CA,
FJ Labs,https://fjlabs.com,Seed Series A,"Marketplace Consumer Fintech",New York NY,
Flywheel Fund,https://www.flywheelfund.com,Pre-Seed Seed,"Consumer Enterprise",San Francisco CA,
Forum Ventures,https://www.forumvc.com,Pre-Seed,"Enterprise SaaS",San Francisco CA,
Foundation Capital,https://www.foundationcap.com,Seed Series A,"Enterprise Consumer AI",San Francisco CA,
Fuel Capital,https://www.fuelcapital.com,Seed Series A,"Consumer Enterprise",San Francisco CA,
G Squared,https://www.gsquared.com,Series B Growth,"Enterprise Consumer SaaS",Chicago IL,
Gaingels,https://gaingels.com,Seed,"Consumer Enterprise LGBTQ",New York NY,
General Atlantic,https://www.generalatlantic.com,Series B Growth,"Enterprise Consumer Fintech Healthtech",New York NY,
Glasswing Ventures,https://glasswing.vc,Seed Series A,"AI Enterprise",Boston MA,
Global Brain,https://globalbrains.com,Seed Series A,"Enterprise Consumer AI",Tokyo Japan,
Golden Ventures,https://www.goldenventures.com,Pre-Seed Seed,"Consumer Enterprise SaaS",Toronto Canada,
GoodKind Ventures,https://goodkindvc.com,Pre-Seed Seed,"Consumer Enterprise",San Francisco CA,
Greenfield Partners,https://www.greenfield.vc,Seed,"Enterprise Consumer",San Francisco CA,
Greylock X,https://greylock.com/x,Seed,"Enterprise Consumer AI",San Francisco CA,
GSV Ventures,https://www.gsv.co,Seed Series A,"EdTech Enterprise",San Mateo CA,
Halo,https://www.halo.vc,Pre-Seed Seed,"Consumer Enterprise",San Francisco CA,
Hanaco Ventures,https://www.hanaco.vc,Seed Series A,"Consumer Enterprise",New York NY,
Heavybit,https://www.heavybit.com,Seed,"Developer Tools Infrastructure",San Francisco CA,
High Alpha,https://highalpha.com,Pre-Seed Seed,"Enterprise SaaS B2B",Indianapolis IN,
Human Capital,https://www.humancapital.vc,Seed,"Enterprise Consumer",San Francisco CA,
Hypothesis Ventures,https://www.hypothesisvc.com,Pre-Seed Seed,"Enterprise Consumer",San Francisco CA,
iGan Partners,https://www.iganpartners.com,Seed Series A,"Enterprise SaaS Healthtech",Toronto Canada,
Illuminate Ventures,https://www.illuminate.com,Seed Series A,"Enterprise SaaS Cloud",San Francisco CA,
In-Q-Tel,https://www.iqt.org,Seed Series A,"Defense Intelligence Deep Tech",Arlington VA,
Incite Ventures,https://incite.vc,Seed,"Enterprise Consumer",San Francisco CA,
Indie.vc,https://www.indie.vc,Seed,"Consumer Enterprise",San Francisco CA,
J Ventures,https://www.jventures.vc,Seed,"Consumer Enterprise AI",San Francisco CA,
JetBlue Technology Ventures,https://www.jetblueventures.com,Seed Series A,"Travel Aviation",San Francisco CA,
Jump Capital,https://jumpcap.com,Seed Series A,"Fintech Crypto Enterprise",Chicago IL,
January Ventures,https://january.ventures,Pre-Seed,"Enterprise Consumer",San Francisco CA,
K5 Global,https://www.k5global.com,Seed,"Consumer Media",Los Angeles CA,
Kapor Capital,https://www.kaporcapital.com,Pre-Seed Seed,"Social Impact Enterprise",Oakland CA,
Kearny Jackson,https://www.kearnyjackson.com,Seed,"Enterprise SaaS",San Francisco CA,
KEC Ventures,https://www.kecventures.com,Seed,"Enterprise Consumer",San Francisco CA,
KFund,https://www.kfund.co,Seed Series A,"Enterprise Consumer SaaS",Madrid Spain,
La Famiglia,https://www.lafamiglia.vc,Seed Series A,"Enterprise SaaS Industrial",Berlin Germany,
Launchpad Capital,https://www.launchpadcapital.com,Pre-Seed Seed,"Enterprise Consumer",San Francisco CA,
Lerer Hippeau,https://www.lererhippeau.com,Seed,"Consumer Enterprise",New York NY,
Liquid 2 Ventures,https://www.liquid2.vc,Pre-Seed Seed,"Consumer Enterprise",San Francisco CA,
Long Journey Ventures,https://www.longjourney.vc,Pre-Seed Seed,"Climate Deep Tech",San Francisco CA,
Loup Ventures,https://www.loupventures.com,Pre-Seed Seed,"AI Consumer Enterprise",Minneapolis MN,
Mighty Capital,https://www.mighty.capital,Pre-Seed Seed,"Enterprise SaaS",San Francisco CA,
Morado Ventures,https://www.morado.vc,Pre-Seed Seed,"Consumer Enterprise",San Francisco CA,
NextView Ventures,https://nextviewventures.com,Pre-Seed Seed,"Consumer Enterprise",Boston MA,
Norwest Equity Partners,https://www.norwestep.com,Growth,"Enterprise SaaS",Minneapolis MN,
Okapi Venture Capital,https://www.okapivc.com,Seed,"Enterprise Consumer",Los Angeles CA,
OurCrowd,https://www.ourcrowd.com,Seed Series A,"Enterprise Consumer Deep Tech",Jerusalem Israel,
Panache Ventures,https://www.panacheventures.com,Pre-Seed Seed,"Enterprise Consumer SaaS",Calgary Canada,
Paradigm,https://www.paradigm.xyz,Seed Series A,"Crypto Web3 DeFi",San Francisco CA,
Parker89,https://www.parker89.com,Pre-Seed Seed,"Enterprise Consumer",San Francisco CA,
Path Ventures,https://www.pathvc.com,Pre-Seed Seed,"Enterprise Consumer",San Francisco CA,
Peak State Ventures,https://peakstate.vc,Pre-Seed Seed,"Consumer Enterprise",San Francisco CA,
Penny Jar Capital,https://www.pennyjarcapital.com,Pre-Seed,"Consumer",San Francisco CA,
Pioneer Fund,https://pioneer.app/fund,Pre-Seed Seed,"Consumer Enterprise AI",San Francisco CA,
Plug and Play Tech Center,https://www.plugandplaytechcenter.com,Pre-Seed Seed,"Enterprise SaaS Consumer",Sunnyvale CA,
Presight Capital,https://www.presightcapital.com,Series A Series B,"Enterprise SaaS",San Francisco CA,
Rally Ventures,https://www.rallyventures.com,Seed Series A,"Enterprise Security Data",Menlo Park CA,
Reach Capital,https://reachcapital.com,Seed Series A,"EdTech Future of Work",Palo Alto CA,
Renegade Partners,https://www.renegade.vc,Seed Series A,"Consumer Enterprise",San Francisco CA,
Revolution Ventures,https://www.revolution.com,Seed Series A,"Enterprise Consumer",Washington DC,
Right Side Capital,https://www.rightsidecapital.com,Pre-Seed Seed,"Enterprise Consumer SaaS",San Francisco CA,
Root Ventures,https://root.vc,Seed,"Hardware Deep Tech Climate",San Francisco CA,
Resolute Ventures,https://www.resolute.vc,Pre-Seed Seed,"Enterprise Consumer SaaS",Austin TX,
Atomico,https://www.atomico.com,Series A Series B Growth,"Enterprise Consumer Deep Tech",London UK,
Northzone,https://northzone.com,Seed Series A Series B,"Enterprise Consumer Fintech",London UK,
Creandum,https://www.creandum.com,Seed Series A,"Enterprise Consumer SaaS",Stockholm Sweden,
Dawn Capital,https://www.dawncapital.com,Series A Series B,"Enterprise SaaS B2B",London UK,
Felix Capital,https://www.felixcap.com,Seed Series A,"Consumer Creative Digital",London UK,
Hoxton Ventures,https://www.hoxtonventures.com,Seed,"Enterprise Consumer Deep Tech",London UK,
Kindred Capital,https://www.kindredcapital.vc,Pre-Seed Seed,"Enterprise Consumer",London UK,
Moonfire Ventures,https://www.moonfire.com,Pre-Seed Seed,"Enterprise Consumer AI",London UK,
Notion Capital,https://notion.vc,Series A Series B,"Enterprise SaaS B2B",London UK,
Passion Capital,https://www.passioncapital.com,Pre-Seed Seed,"Consumer Enterprise",London UK,
Playfair Capital,https://www.playfaircapital.com,Pre-Seed Seed,"AI Deep Tech Enterprise",London UK,
Seedcamp,https://seedcamp.com,Pre-Seed Seed,"Enterprise Consumer Fintech",London UK,$100k-$500k
Episode 1 Ventures,https://www.episode1.com,Pre-Seed Seed,"Enterprise Consumer SaaS",London UK,
Stride.VC,https://www.stride.vc,Pre-Seed Seed,"Consumer Enterprise",London UK,
Ada Ventures,https://www.adaventures.com,Pre-Seed Seed,"Healthtech Fintech Climate",London UK,
Acton Capital,https://www.actoncapital.com,Series A Series B,"Consumer Marketplace SaaS",Munich Germany,
b2venture,https://www.b2venture.vc,Seed Series A,"Enterprise Deep Tech Fintech",Zurich Switzerland,
Capnamic,https://www.capnamic.com,Seed Series A,"Enterprise SaaS Deep Tech",Cologne Germany,
Cherry Ventures,https://cherry.vc,Pre-Seed Seed Series A,"Consumer Enterprise SaaS",Berlin Germany,
Fly Ventures,https://fly.vc,Pre-Seed Seed,"AI Enterprise Deep Tech",Berlin Germany,
HV Capital,https://www.hvcapital.com,Series A Series B Growth,"Enterprise Consumer Fintech",Munich Germany,
Lakestar,https://www.lakestar.com,Seed Series A Series B,"Enterprise Consumer Fintech",Zurich Switzerland,
Point Nine Capital,https://www.pointnine.com,Seed Series A,"SaaS B2B Marketplace",Berlin Germany,
Project A Ventures,https://www.project-a.com,Seed Series A,"Enterprise Consumer E-commerce",Berlin Germany,
Speedinvest,https://www.speedinvest.com,Pre-Seed Seed Series A,"Enterprise Fintech Deep Tech",Vienna Austria,
Target Global,https://www.targetglobal.vc,Seed Series A Series B,"Fintech Mobility Enterprise",Berlin Germany,
Verdane,https://verdane.com,Growth,"Enterprise SaaS Consumer",Oslo Norway,
Viking Ventures,https://www.vikingventures.vc,Pre-Seed Seed,"Enterprise Consumer SaaS",Oslo Norway,
Volta Ventures,https://www.voltaventures.eu,Seed Series A,"Enterprise SaaS Deep Tech",Ghent Belgium,
byFounders,https://www.byfounders.com,Pre-Seed Seed,"Enterprise Consumer SaaS",Copenhagen Denmark,
Mangrove Capital Partners,https://www.mangrove.vc,Seed Series A,"Consumer Fintech Enterprise",Luxembourg,
Tencent Cloud Europe,https://www.tencentcloud.com,Series A Series B,"Enterprise AI Cloud",Amsterdam Netherlands,
Keen Venture Partners,https://www.keenventurepartners.com,Seed Series A,"Enterprise SaaS Consumer",Amsterdam Netherlands,
Peak Capital,https://peak.capital,Seed Series A,"Marketplace SaaS Fintech",Amsterdam Netherlands,
Idinvest Partners,https://www.idinvest.com,Seed Series A Series B Growth,"Enterprise Consumer Deep Tech",Paris France,
Partech,https://partechpartners.com,Seed Series A Series B,"Enterprise Consumer Fintech",Paris France,
Elaia Partners,https://www.elaia.com,Seed Series A,"Enterprise Deep Tech SaaS",Paris France,
Kima Ventures,https://www.kimaventures.com,Pre-Seed Seed,"Enterprise Consumer AI",Paris France,$150k
Serena Capital,https://www.serenacapital.com,Series A Series B,"Enterprise SaaS B2B",Paris France,
Singular,https://www.singular.vc,Pre-Seed Seed,"AI Deep Tech Enterprise",Paris France,
Samaipata,https://www.samaipata.vc,Seed Series A,"Marketplace Consumer SaaS",Madrid Spain,
Nauta Capital,https://nautacapital.com,Seed Series A,"Enterprise SaaS B2B",Barcelona Spain,
Inveready,https://www.inveready.com,Seed Series A,"Enterprise Deep Tech Healthtech",Barcelona Spain,
Inventure,https://www.inventure.fi,Seed Series A,"Enterprise Consumer Deep Tech",Helsinki Finland,
Lifeline Ventures,https://www.lifelineventures.com,Seed Series A,"Enterprise Gaming Deep Tech",Helsinki Finland,
Maki.vc,https://maki.vc,Seed,"Enterprise Consumer",Helsinki Finland,
Icebreaker.vc,https://www.icebreaker.vc,Pre-Seed Seed,"Enterprise Consumer SaaS",Stockholm Sweden,
Industrifonden,https://www.industrifonden.com,Seed Series A,"Enterprise Deep Tech Climate",Stockholm Sweden,
Sequoia Capital India,https://www.sequoiacap.com/india,Seed Series A Series B,"Enterprise Consumer Fintech",Bangalore India,
Accel India,https://www.accel.com/india,Seed Series A Series B,"Enterprise Consumer SaaS Fintech",Bangalore India,
Matrix Partners India,https://www.matrixpartners.in,Seed Series A,"Enterprise Consumer SaaS",Mumbai India,
Blume Ventures,https://www.blumeventures.com,Pre-Seed Seed,"Enterprise Consumer Deep Tech",Mumbai India,
Chiratae Ventures,https://www.chiratae.com,Seed Series A Series B,"Enterprise Consumer SaaS Healthtech",Bangalore India,
Elevation Capital,https://www.elevationcapital.com,Seed Series A Series B,"Consumer Enterprise SaaS Fintech",Bangalore India,
Kalaari Capital,https://www.kalaari.com,Seed Series A,"Consumer Enterprise",Bangalore India,
Lightspeed India,https://lsvp.com/india,Seed Series A Series B,"Enterprise Consumer Fintech",Bangalore India,
Nexus Venture Partners,https://www.nexusvp.com,Seed Series A Series B,"Enterprise Consumer SaaS",Mumbai India,
Prime Venture Partners,https://www.primevp.in,Seed Series A,"Enterprise SaaS Consumer",Bangalore India,
Stellaris Venture Partners,https://www.stellarisvp.com,Seed Series A,"Enterprise Consumer SaaS",Bangalore India,
3one4 Capital,https://www.3one4.com,Seed Series A,"Enterprise Consumer Deep Tech",Bangalore India,
India Quotient,https://www.indiaquotient.in,Pre-Seed Seed,"Consumer Enterprise",Mumbai India,
Omidyar Network India,https://www.omidyarnetwork.in,Seed Series A,"Fintech Education Governance",Mumbai India,
Jungle Ventures,https://www.jungleventures.com,Seed Series A Series B,"Enterprise Consumer SaaS",Singapore,
Golden Gate Ventures,https://goldengatevectures.com,Seed Series A,"Enterprise Consumer Fintech",Singapore,
Insignia Ventures,https://www.insignia.vc,Seed Series A,"Enterprise Consumer Fintech",Singapore,
Monk's Hill Ventures,https://www.monkshill.com,Seed Series A,"Enterprise Consumer SaaS",Singapore,
Wavemaker Partners,https://wavemaker.vc,Seed,"Enterprise Consumer Deep Tech",Singapore,
East Ventures,https://east.vc,Pre-Seed Seed,"Consumer Enterprise Fintech",Jakarta Indonesia,
AC Ventures,https://www.ac.vc,Seed Series A,"Consumer Enterprise Fintech",Jakarta Indonesia,
Gobi Partners,https://www.gobipartners.com,Seed Series A Series B,"Consumer Enterprise AI",Kuala Lumpur Malaysia,
Cathay Innovation Asia,https://cathayinnovation.com/asia,Series A Series B,"Enterprise Logistics Consumer",Hong Kong,
MindWorks Ventures,https://www.mindworks.vc,Seed Series A,"Enterprise Consumer AI",Hong Kong,
Horizons Ventures,https://www.horizonsventures.com,Seed Series A Series B,"Deep Tech Enterprise Consumer",Hong Kong,
500 Startups Southeast Asia,https://500.co/southeast-asia,Pre-Seed Seed,"Enterprise Consumer SaaS",Singapore,$50k-$150k
Sequoia Capital Southeast Asia,https://www.sequoiacap.com/southeast-asia,Seed Series A Series B,"Enterprise Consumer Fintech",Singapore,
AppWorks,https://appworks.tw,Pre-Seed Seed,"AI Enterprise Consumer",Taipei Taiwan,
Global Brain,https://globalbrains.com,Seed Series A,"Enterprise Consumer AI",Tokyo Japan,
SBI Investment,https://www.sbinvestment.co.jp,Series A Series B,"Enterprise Fintech Consumer",Tokyo Japan,
Coral Capital,https://coralcap.co,Seed Series A,"Enterprise Consumer SaaS",Tokyo Japan,
Headline Asia,https://headline.com/asia,Seed Series A,"Enterprise Consumer SaaS",Tokyo Japan,
DCM Ventures,https://www.dcm.com,Seed Series A Series B,"Consumer Enterprise SaaS",Menlo Park CA,
Hillhouse Capital,https://www.hillhousecap.com,Series A Series B Growth,"Consumer Enterprise AI",Hong Kong,
ZhenFund,https://www.zhenfund.com,Pre-Seed Seed,"Consumer Enterprise AI",Beijing China,
Monashees,https://www.monashees.com.br,Seed Series A Series B,"Enterprise Consumer Fintech",Sao Paulo Brazil,
Kaszek Ventures,https://www.kaszek.com,Seed Series A Series B,"Consumer Fintech Enterprise",Buenos Aires Argentina,
ALLVP,https://www.allvp.vc,Seed Series A,"Consumer Enterprise Fintech",Mexico City Mexico,
Magma Partners,https://www.magmapartners.com,Pre-Seed Seed,"Enterprise Consumer",Santiago Chile,
NXTP Ventures,https://www.nxtpventures.com,Pre-Seed Seed,"Enterprise Consumer Fintech",Buenos Aires Argentina,
Softbank Latin America Fund,https://www.softbank.com/latam,Series A Series B Growth,"Consumer Enterprise Fintech",Miami FL,
QED Investors,https://www.qedinvestors.com,Seed Series A Series B,"Fintech Insurance Lending",Alexandria VA,
Nyca Partners,https://www.nycapartners.com,Seed Series A,"Fintech Insurance Banking",New York NY,
Clocktower Technology Ventures,https://www.clocktowertech.com,Seed Series A,"Fintech Trading Data",Santa Monica CA,
Flourish Ventures,https://flourishventures.com,Seed Series A,"Fintech Financial Inclusion",San Francisco CA,
Quona Capital,https://www.quona.com,Seed Series A Series B,"Fintech Emerging Markets",Washington DC,
Greyhound Capital,https://www.greyhoundcap.com,Seed Series A,"Fintech Insurance",London UK,
Augmentum Fintech,https://www.augmentum.vc,Seed Series A,"Fintech Insurance",London UK,
Portag3 Ventures,https://www.portag3.com,Series A Series B,"Fintech Insurance",Toronto Canada,
Finch Capital,https://www.finchcapital.com,Seed Series A,"Fintech SaaS Enterprise",Amsterdam Netherlands,
Oak HC/FT,https://www.oakhcft.com,Series A Series B,"Healthtech Fintech",Greenwich CT,
Rock Health,https://rockhealth.com,Seed,"Healthtech Digital Health",San Francisco CA,
Flare Capital Partners,https://www.flarecapital.com,Seed Series A,"Healthtech Digital Health",Boston MA,
7wireVentures,https://www.7wireventures.com,Seed Series A,"Healthtech Digital Health",Chicago IL,
Town Hall Ventures,https://www.townhallventures.com,Seed Series A,"Healthtech",Washington DC,
Martin Ventures,https://martinventures.com,Seed Series A,"Healthtech Enterprise",Nashville TN,
Deerfield Management,https://www.deerfieldmgmt.com,Series A Series B Growth,"Healthtech Biotech",New York NY,
GV (Google Ventures),https://www.gv.com,Seed Series A Series B,"Enterprise Consumer Healthtech AI",Mountain View CA,
Biomatics Capital,https://biomaticscapital.com,Series A Series B,"Healthtech Biotech AI",Seattle WA,
Section 32,https://www.section32.com,Seed Series A,"Healthtech Deep Tech Bio",San Francisco CA,
Flagship Pioneering,https://www.flagshippioneering.com,Seed Series A Series B,"Biotech Healthtech",Cambridge MA,
Arch Venture Partners,https://www.archventure.com,Seed Series A Series B,"Biotech Deep Tech",Chicago IL,
DCVC Bio,https://www.dcvc.com/bio,Seed Series A,"Biotech AI Drug Discovery",San Francisco CA,
Andreessen Horowitz Bio Fund,https://a16z.com/bio-health,Seed Series A Series B,"Bio Health Genomics Drug Discovery",Menlo Park CA,
Polaris Partners Life Sciences,https://www.polarispartners.com/life-sciences,Seed Series A Series B,"Biotech Healthtech",Boston MA,
Lux Capital Bio,https://www.luxcapital.com,Seed Series A,"Biotech Deep Tech",New York NY,
Alexandria Venture Investments,https://www.are.com/venture,Series A Series B,"Biotech Life Sciences",Pasadena CA,
Breakthrough Energy Ventures,https://www.breakthroughenergy.org,Seed Series A Series B,"Climate Energy Deep Tech",Seattle WA,
Congruent Ventures,https://congruentvc.com,Seed Series A,"Climate Energy Sustainability",San Francisco CA,
Clean Energy Ventures,https://www.cleanenergyventures.com,Seed Series A,"Climate Energy Clean Tech",Boston MA,
Energy Impact Partners,https://www.energyimpactpartners.com,Series A Series B,"Climate Energy Infrastructure",New York NY,
Lowercarbon Capital,https://www.lowercarboncapital.com,Seed Series A,"Climate Energy",San Francisco CA,
Prelude Ventures,https://www.preludeventures.com,Seed Series A Series B,"Climate Energy Food",San Francisco CA,
S2G Ventures,https://www.s2gventures.com,Seed Series A Series B,"Climate Food Agriculture",Chicago IL,
SOSV,https://sosv.com,Pre-Seed Seed,"Climate Hardware Bio Deep Tech",Princeton NJ,$50k-$250k
Powerhouse Ventures,https://www.powerhouse.fund,Seed Series A,"Climate Energy",Oakland CA,
Spring Lane Capital,https://www.springlanecapital.com,Series A Series B,"Climate Infrastructure",Boston MA,
World Fund,https://www.worldfund.vc,Seed Series A,"Climate Deep Tech",Berlin Germany,
Pale Blue Dot,https://www.paleblue.vc,Pre-Seed Seed,"Climate Deep Tech",Stockholm Sweden,
2150,https://www.2150.vc,Seed Series A,"Climate Urban Tech PropTech",London UK,
Ecosystem Integrity Fund,https://www.ecosystemintegrity.com,Seed Series A,"Climate Clean Tech",San Francisco CA,
Galaxy Interactive,https://www.galaxyinteractive.io,Seed Series A,"Gaming Metaverse Entertainment",New York NY,
BITKRAFT Ventures,https://www.bitkraft.vc,Seed Series A,"Gaming Esports Entertainment",Los Angeles CA,
Makers Fund,https://www.makersfund.com,Seed Series A,"Gaming Entertainment Interactive",San Francisco CA,
Griffin Gaming Partners,https://www.griffingp.com,Seed Series A Series B,"Gaming Esports",San Francisco CA,
1Up Ventures,https://www.1upventures.com,Seed,"Gaming Entertainment",San Francisco CA,
Play Ventures,https://www.playventures.com,Seed Series A,"Gaming Entertainment",Helsinki Finland,
London Venture Partners,https://www.londonvp.com,Seed Series A,"Gaming Entertainment Interactive",London UK,
Konvoy Ventures,https://www.konvoy.vc,Seed Series A,"Gaming Esports Interactive",Denver CO,
Andreessen Horowitz Games,https://a16z.com/games,Seed Series A,"Gaming Entertainment Metaverse",Menlo Park CA,
Intel Capital,https://www.intelcapital.com,Series A Series B,"Enterprise AI IoT Semiconductor",Santa Clara CA,
M12 (Microsoft Ventures),https://m12.vc,Seed Series A Series B,"Enterprise AI Cloud SaaS",Redmond WA,
Salesforce Ventures,https://www.salesforceventures.com,Series A Series B Growth,"Enterprise SaaS Cloud",San Francisco CA,
Cisco Investments,https://www.cisco.com/c/en/us/about/csr/investments.html,Series A Series B,"Enterprise Networking Security",San Jose CA,
Samsung NEXT,https://www.samsungnext.com,Seed Series A,"Enterprise Consumer AI",San Francisco CA,
Qualcomm Ventures,https://www.qualcommventures.com,Seed Series A Series B,"IoT 5G AI",San Diego CA,
Comcast Ventures,https://www.comcastventures.com,Seed Series A,"Consumer Media Enterprise",San Francisco CA,
American Express Ventures,https://www.americanexpress.com/ventures,Series A Series B,"Fintech Commerce Enterprise",New York NY,
Citi Ventures,https://www.citigroup.com/ventures,Series A Series B,"Fintech Enterprise Data",San Francisco CA,
Goldman Sachs Growth Equity,https://www.gsam.com/content/gsam/us/en/advisors/strategies/alternative-investments/growth-equity.html,Growth,"Enterprise Fintech SaaS",New York NY,
HSBC Ventures,https://www.business.hsbc.com/ventures,Series A Series B,"Fintech Enterprise",London UK,
Visa Ventures,https://usa.visa.com/about-visa/visa-ventures.html,Series A Series B,"Fintech Payments Commerce",San Francisco CA,
Mastercard Start Path,https://www.mastercardstartpath.com,Seed Series A,"Fintech Payments Identity",New York NY,
Slow Capital,https://www.slow.co,Seed,"Consumer Media Creative",San Francisco CA,
Fuel Venture Capital,https://fuelventurecapital.com,Seed Series A,"Enterprise Consumer AI",Miami FL,
Florida Funders,https://floridafunders.com,Seed Series A,"Enterprise Consumer SaaS",Tampa FL,
Las Olas Venture Capital,https://www.lasolasvc.com,Seed,"Enterprise Consumer",Fort Lauderdale FL,
Blu Venture Investors,https://www.bluventureinvestors.com,Seed Series A,"Enterprise SaaS",Washington DC,
Revolution Rise of the Rest,https://www.revolution.com/entity/rise-of-the-rest-seed-fund,Seed,"Enterprise Consumer",Washington DC,$500k
Grotech Ventures,https://www.grotech.com,Seed Series A,"Enterprise SaaS Healthtech",Baltimore MD,
Osage Venture Partners,https://www.osagepartners.com,Seed Series A,"Enterprise SaaS Healthtech",Bala Cynwyd PA,
NextCorps Ventures,https://www.nextcorps.org,Pre-Seed Seed,"Enterprise Consumer",Rochester NY,
Buffalo Ventures,https://www.buffaloventures.com,Pre-Seed Seed,"Enterprise Consumer",Buffalo NY,
Pillar VC,https://www.pillar.vc,Seed Series A,"Enterprise Consumer SaaS",Boston MA,
Underscore VC,https://underscore.vc,Seed Series A,"Enterprise SaaS",Boston MA,
.406 Ventures,https://www.406ventures.com,Seed Series A,"Enterprise SaaS Security",Boston MA,
Schooner Capital,https://www.schoonercapital.com,Seed Series A,"Enterprise Consumer",Boston MA,
Romulus Capital,https://www.romuluscap.com,Seed,"Enterprise AI Consumer",Boston MA,
Accomplice,https://www.accomplice.co,Pre-Seed Seed,"Enterprise Consumer SaaS",Boston MA,
Volition Capital,https://www.volitioncapital.com,Series A Series B Growth,"Enterprise SaaS Consumer",Boston MA,
Silversmith Capital Partners,https://silversmith.com,Growth,"Enterprise SaaS",Boston MA,
Vestigo Ventures,https://vestigoventures.com,Seed Series A,"Fintech Identity",Boston MA,
M25,https://www.m25.vc,Pre-Seed Seed,"Enterprise Consumer SaaS",Chicago IL,
Chicago Ventures,https://www.chicagoventures.com,Seed Series A,"Enterprise Consumer SaaS",Chicago IL,
MATH Venture Partners,https://www.mathvp.com,Seed,"Enterprise Consumer SaaS",Chicago IL,
OCA Ventures,https://www.ocaventures.com,Seed Series A,"Enterprise SaaS Data",Chicago IL,
Pritzker Group Venture Capital,https://www.pritzkergroup.com/venture-capital,Seed Series A,"Enterprise Consumer",Chicago IL,
Portland Seed Fund,https://www.portlandseedfund.com,Pre-Seed Seed,"Enterprise Consumer",Portland OR,
Seven Peaks Ventures,https://www.sevenpeaksventures.com,Seed Series A,"Enterprise SaaS",Portland OR,
Voyager Capital,https://www.voyagercapital.com,Seed Series A,"Enterprise SaaS",Seattle WA,
Flying Fish Ventures,https://www.flyingfish.vc,Pre-Seed Seed,"Enterprise Consumer",Seattle WA,
Trilogy Equity Partners,https://www.trilogyequity.com,Series A Series B,"Enterprise Consumer",Bellevue WA,
Techstars,https://www.techstars.com,Pre-Seed Seed,"Enterprise Consumer SaaS AI",Boulder CO,$120k
Foundry Group,https://www.foundrygroup.com,Seed Series A,"Enterprise SaaS",Boulder CO,
Moxxie Ventures,https://www.moxxie.vc,Pre-Seed Seed,"Enterprise Consumer",Boulder CO,
Service Provider Capital,https://www.serviceprovider.capital,Seed,"Enterprise SaaS B2B",Salt Lake City UT,
Pelion Venture Partners,https://www.pelionvp.com,Seed Series A,"Enterprise SaaS",Salt Lake City UT,
Peterson Ventures,https://petersonventures.com,Seed Series A,"Consumer Enterprise SaaS",Salt Lake City UT,
Album VC,https://www.albumvc.com,Pre-Seed Seed,"Enterprise Consumer SaaS",Provo UT,
Silverton Partners,https://www.silvertonpartners.com,Seed Series A Series B,"Enterprise Consumer SaaS",Austin TX,
LiveOak Venture Partners,https://liveoakvp.com,Seed Series A,"Enterprise SaaS B2B",Austin TX,
Ecliptic Capital,https://www.eclipticcapital.com,Seed,"Enterprise Consumer",Austin TX,
Capital Factory,https://www.capitalfactory.com,Pre-Seed Seed,"Enterprise Consumer SaaS",Austin TX,$50k-$200k
S3 Ventures,https://www.s3vc.com,Seed Series A,"Enterprise Consumer SaaS",Austin TX,
TTV Capital,https://ttvcapital.com,Seed Series A,"Fintech Insurance Banking",Atlanta GA,
Panoramic Ventures,https://panoramic.vc,Seed Series A,"Enterprise SaaS B2B",Atlanta GA,
Tech Square Ventures,https://www.techsquareventures.com,Seed Series A,"Enterprise SaaS Fintech",Atlanta GA,
BIP Capital,https://www.bipcapital.com,Seed Series A,"Enterprise SaaS Consumer",Atlanta GA,
Zane Venture Fund,https://www.zanevf.com,Pre-Seed Seed,"Consumer Enterprise",Atlanta GA,
Mucker Capital,https://www.muckercapital.com,Pre-Seed Seed,"Enterprise Consumer SaaS",Santa Monica CA,
Wavemaker Partners LA,https://wavemaker.vc/la,Seed,"Enterprise Consumer Deep Tech",Los Angeles CA,
TenOneTen Ventures,https://www.tenonetenventures.com,Pre-Seed Seed,"AI Enterprise Consumer",Los Angeles CA,
Slauson and Co,https://www.slausonco.com,Pre-Seed Seed,"Consumer Enterprise",Los Angeles CA,
Bonfire Ventures,https://www.bonfirevc.com,Seed,"Enterprise SaaS B2B",Santa Monica CA,
Amplify.LA,https://www.amplify.la,Pre-Seed Seed,"Consumer Enterprise",Los Angeles CA,
Act One Ventures,https://www.actoneventures.com,Pre-Seed Seed,"Consumer Enterprise SaaS",Los Angeles CA,
Fika Ventures,https://www.fikaventures.com,Seed Series A,"Enterprise Consumer SaaS",Los Angeles CA,
Freestyle Capital,https://freestyle.vc,Pre-Seed Seed,"Consumer SaaS",Redwood City CA,
Aspect Ventures,https://www.aspectventures.com,Seed Series A,"SaaS Enterprise",San Francisco CA,
SignalFire,https://www.signalfire.com,Seed Series A,"AI Enterprise Developer Tools",San Francisco CA,
Emergence Capital,https://www.emcap.com,Series A Series B,"Enterprise SaaS Cloud",San Mateo CA,
Mayfield Fund,https://www.mayfield.com,Seed Series A Series B,"Enterprise Consumer AI",Menlo Park CA,
US Venture Partners,https://www.usvp.com,Seed Series A Series B,"Enterprise Consumer Healthtech",Menlo Park CA,
Storm Ventures,https://www.stormventures.com,Seed Series A,"Enterprise SaaS B2B",Menlo Park CA,
Correlation Ventures,https://www.correlationvc.com,Seed Series A,"Enterprise Consumer",San Diego CA,
Draper Fisher Jurvetson,https://www.dfj.com,Seed Series A Series B,"Enterprise Consumer Deep Tech",Menlo Park CA,
Mohr Davidow Ventures,https://www.mohrdavidow.com,Seed Series A,"Enterprise Consumer",Menlo Park CA,
Sigma Partners,https://www.sigmapartners.com,Seed Series A,"Enterprise SaaS Security",Menlo Park CA,
Sutter Hill Ventures,https://www.shv.com,Seed Series A Series B,"Enterprise Data Infrastructure",Palo Alto CA,
Trinity Ventures,https://www.trinityventures.com,Seed Series A,"Enterprise SaaS Consumer",Menlo Park CA,
Playground Global,https://playground.global,Seed Series A,"AI Robotics Deep Tech",Palo Alto CA,
Playground Ventures,https://www.playground.vc,Seed,"Enterprise Consumer AI",San Francisco CA,
Prologis Ventures,https://www.prologis.com/ventures,Series A Series B,"Logistics Supply Chain PropTech",San Francisco CA,
Two Sigma Ventures,https://www.twosigmaventures.com,Seed Series A,"AI Data Enterprise",New York NY,
D. E. Shaw & Co,https://www.deshaw.com,Growth,"AI Quantitative Finance",New York NY,
Elad Gil,https://www.eladgil.com,Seed,"Consumer Enterprise AI",San Francisco CA,
Naval Ravikant,https://www.naval.com,Seed,"Consumer Enterprise",San Francisco CA,
SV Angel,https://www.svangel.com,Seed,"Enterprise Consumer",San Francisco CA,
Collaborative Fund,https://www.collaborativefund.com,Seed,"Consumer Climate Sustainability",New York NY,
Social Impact Capital,https://www.socialimpactcapital.com,Seed,"Social Impact Consumer",San Francisco CA,
Impact Engine,https://theimpactengine.com,Seed Series A,"Social Impact Enterprise",Chicago IL,
DBL Partners,https://www.dblpartners.vc,Seed Series A,"Climate Social Impact Enterprise",San Francisco CA,
Blue Haven Initiative,https://www.bluehaveninitiative.com,Seed Series A,"Climate Social Impact",Boston MA,
Kapor Capital,https://www.kaporcapital.com,Pre-Seed Seed,"Social Impact Enterprise",Oakland CA,
New Markets Venture Partners,https://www.newmarketsventurepartners.com,Seed Series A,"EdTech Workforce",Washington DC,
Rethink Education,https://www.rethinkeducation.com,Seed Series A,"EdTech",New York NY,
Owl Ventures,https://www.owlvc.com,Seed Series A Series B,"EdTech",Menlo Park CA,
Learn Capital,https://learncapital.com,Seed Series A,"EdTech",Los Angeles CA,
GSV Ventures,https://www.gsv.co,Seed Series A,"EdTech Enterprise",San Mateo CA,
Emerge Education,https://www.emerge.education,Pre-Seed Seed,"EdTech",London UK,
Lumina Foundation Ventures,https://www.luminafoundation.org,Seed,"Education",Indianapolis IN,
Raptor Group,https://www.raptorgroup.com,Seed Series A,"Consumer Media Sports",New York NY,
Sapphire Sport,https://www.sapphiresport.com,Seed Series A,"Sports Gaming Media",San Francisco CA,
KB Partners,https://www.kbpartners.com,Seed,"Sports Fitness Consumer",Boston MA,
SeventySix Capital,https://www.seventysixcapital.com,Seed,"Sports Tech Consumer",Philadelphia PA,
Courtside Ventures,https://www.courtsidevc.com,Seed Series A,"Sports Media Consumer",Los Angeles CA,
elfo.ai,https://www.elfo.ai,Pre-Seed Seed,"AI ML",San Francisco CA,
Radical Ventures,https://www.radical.vc,Seed Series A,"AI Deep Tech",Toronto Canada,
AIX Ventures,https://www.aixventures.com,Pre-Seed Seed,"AI ML Enterprise",San Francisco CA,
Samsung Catalyst Fund,https://www.samsung.com/us/about-us/samsung-catalyst-fund,Series A Series B,"AI Consumer Enterprise",San Jose CA,
ai.fund,https://www.aifund.ai,Seed Series A,"AI Enterprise",Palo Alto CA,
Flying Fish Partners,https://www.flyingfish.vc,Pre-Seed Seed,"AI Enterprise",Seattle WA,
Glasswing Ventures,https://glasswing.vc,Seed Series A,"AI Enterprise National Security",Boston MA,
Array Ventures,https://www.arrayventures.com,Seed Series A,"Enterprise SaaS Consumer AI",San Francisco CA,
Wing Venture Capital,https://www.wing.vc,Seed Series A,"Enterprise SaaS Infrastructure AI",Palo Alto CA,
Norwest Venture Partners,https://www.nvp.com,Seed Series A Series B Growth,"Enterprise SaaS Healthtech AI",Palo Alto CA,
Scale Venture Partners,https://www.scalevp.com,Series A Series B,"Enterprise SaaS AI",Foster City CA,
TDF Ventures,https://www.tdfventures.com,Seed,"Enterprise SaaS Data",Baltimore MD,
Inner Loop Capital,https://www.innerloopcapital.com,Pre-Seed Seed,"Enterprise SaaS",New York NY,
NextWorld Capital,https://www.nextworldcap.com,Series A Series B,"Enterprise SaaS",San Francisco CA,
High Alpha Innovation,https://www.highalphainnovation.com,Pre-Seed Seed,"Enterprise SaaS B2B",Indianapolis IN,
Rally Ventures,https://www.rallyventures.com,Seed Series A,"Enterprise Security Data AI",Menlo Park CA,
StepStone Group,https://www.stepstoneglobal.com,Growth,"Enterprise SaaS",New York NY,
Insight Partners,https://www.insightpartners.com,Series A Series B Growth,"Enterprise SaaS Data AI",New York NY,
Vista Equity Partners,https://www.vistaequitypartners.com,Growth,"Enterprise SaaS",San Francisco CA,
Thoma Bravo,https://www.thomabravo.com,Growth,"Enterprise SaaS Security",San Francisco CA,
JMI Equity,https://www.jmiequity.com,Series B Growth,"Enterprise SaaS",Baltimore MD,
Susquehanna Growth Equity,https://www.sgep.com,Series A Series B Growth,"Enterprise Consumer SaaS",Bala Cynwyd PA,
Summit Partners,https://www.summitpartners.com,Growth,"Enterprise SaaS Healthtech",Boston MA,
TA Associates,https://www.ta.com,Growth,"Enterprise SaaS Healthtech Fintech",Boston MA,
Warburg Pincus,https://www.warburgpincus.com,Growth,"Enterprise Consumer Fintech",New York NY,
General Atlantic,https://www.generalatlantic.com,Series B Growth,"Enterprise Consumer Fintech Healthtech",New York NY,
TCV,https://www.tcv.com,Series B Growth,"Enterprise Consumer SaaS",Menlo Park CA,
Adams Street Partners,https://www.adamsstreetpartners.com,Growth,"Enterprise SaaS",Chicago IL,
Bregal Sagemount,https://www.bregalsagemount.com,Growth,"Enterprise SaaS Healthtech",New York NY,
Francisco Partners,https://www.franciscopartners.com,Growth,"Enterprise SaaS Security",San Francisco CA,
Great Hill Partners,https://www.greathillpartners.com,Growth,"Enterprise SaaS Consumer",Boston MA,
K1 Investment Management,https://www.k1im.com,Growth,"Enterprise SaaS B2B",Manhattan Beach CA,
Level Equity,https://www.levelequity.com,Growth,"Enterprise SaaS",New York NY,
Mainsail Partners,https://www.mainsailpartners.com,Growth,"Enterprise SaaS B2B",San Francisco CA,
PSG,https://www.psgequity.com,Growth,"Enterprise SaaS",Boston MA,
Silversmith Capital,https://silversmith.com,Growth,"Enterprise SaaS Healthtech",Boston MA,
Five Elms Capital,https://www.fiveelms.com,Growth,"Enterprise SaaS B2B",Kansas City MO,
Guidepost Growth Equity,https://www.guidepostgrowth.com,Growth,"Enterprise SaaS",San Francisco CA,
Long Ridge Equity Partners,https://www.longridge.com,Growth,"Fintech SaaS Data",New York NY,
Pamlico Capital,https://www.pamlicocapital.com,Growth,"Enterprise SaaS Healthtech",Charlotte NC,
Serent Capital,https://www.serentcapital.com,Growth,"Enterprise SaaS",San Francisco CA,
Spectrum Equity,https://www.spectrumequity.com,Growth,"Enterprise SaaS Data",Boston MA,
Welsh Carson Anderson and Stowe,https://www.welshcarson.com,Growth,"Healthtech Enterprise",New York NY,
